Workbook

Sheet RutChart
I1: Rut Chart
A13: MM
B26: Passes @ 50/Minute

Sheet RawData
A1: 1 | B1: Left Stroke Count | C1: Left Depth Value 1 | D1: Left Depth Value 2 | E1: Left Depth Value 3 | F1: Left Depth Value 4 | G1: Left Depth Value 5 | N1: Right Stroke Count | O1: Right Depth Value 1 | P1: Right Depth Value 2 | Q1: Right Depth Value 3 | R1: Right Depth Value 4 | S1: Right Depth Value 5 | T1: Cabin Temp | U1: Water Temp | V1: Add Stroke | W1: L Avg | Y1: R Avg
A2: 0 | B2: 0 | C2: 0 | D2: 0 | E2: 0 | F2: 0 | G2: 0 | N2: 0 | O2: 0 | P2: 0 | Q2: 0 | R2: 0 | S2: 0 | T2: 37.400002 | U2: 49 | V2: 0 | W2: =(C2+D2+E2+F2+G2)/AA2 -> 0 | Y2: =(O2+P2+Q2+R2+S2)/AC2 -> 0 | AA2: 3 | AC2: 3 | AR2: 0
A3: 0 | B3: 0 | C3: 0 | D3: 0 | E3: 0 | F3: 0 | G3: 0 | N3: 0 | O3: 0 | P3: 0 | Q3: 0 | R3: 0 | S3: 0 | T3: 27.4 | U3: 51.099998 | V3: 0 | W3: 0 | Y3: 0 | AE3: 0 | AF3: =W3 -> 0 | AG3: 0 | AH3: 0 | AR3: 0
A4: 0 | B4: 2 | C4: 0 | D4: 0 | E4: 0.058547974 | F4: 0.029273987 | G4: 0 | N4: 2 | O4: 0 | P4: 0.05828476 | Q4: 0.029144287 | R4: 0.029140472 | S4: 0 | T4: 32.599998 | U4: 51 | V4: 2 | W4: 0.029273987 | Y4: 0.038856506 | AE4: 1000 | AF4: =W503 -> 1.0001577 | AG4: =X503 -> 0 | AH4: =Y503 -> 1.2336807 | AR4: 2
A5: 0 | B5: 4 | C5: 0 | D5: 0.058547974 | E5: 0.073181152 | F5: 0.058544159 | G5: 0 | N5: 4 | O5: 0 | P5: 0.10199738 | Q5: 0.05828476 | R5: 0.05828476 | S5: 0 | T5: 32.900002 | U5: 51 | V5: 4 | W5: 0.063424428 | Y5: 0.072855632 | AE5: 2000 | AF5: =W1003 -> 1.170915 | AG5: =X1003 -> 0 | AH5: =Y1003 -> 1.4813868 | AR5: 4
A6: 0 | B6: 6 | C6: 0 | D6: 0.087818146 | E6: 0.10245514 | F6: 0.087818146 | G6: 0 | N6: 6 | O6: 0 | P6: 0.16028214 | Q6: 0.21856689 | R6: 0.087425232 | S6: 0 | T6: 33 | U6: 51 | V6: 6 | W6: 0.092697144 | Y6: 0.15542475 | AE6: 3000 | AF6: =W1503 -> 1.3026428 | AG6: =X1503 -> 0 | AH6: =Y1503 -> 1.7679507 | AR6: 6
A7: 0 | B7: 8 | C7: 0 | D7: 0.13172913 | E7: 0.11709213 | F7: 0.10245514 | G7: 0 | N7: 8 | O7: 0 | P7: 0.18942642 | Q7: 0.23313522 | R7: 0.10199738 | S7: 0 | T7: 33 | U7: 51 | V7: 8 | W7: 0.11709213 | Y7: 0.17485301 | AE7: 4000 | AF7: =W2003 -> 1.3660685 | AG7: =X2003 -> 0 | AH7: =Y2003 -> 1.9185181 | AR7: 8
A8: 0 | B8: 10 | C8: 0 | D8: 0.17563629 | E8: 0.16100311 | F8: 0.1463623 | G8: 0 | N8: 10 | O8: 0 | P8: 0.21856689 | Q8: 0.21856689 | R8: 0.17485046 | S8: 0 | T8: 33 | U8: 51 | V8: 10 | W8: 0.16100057 | Y8: 0.20399475 | AE8: 5000 | AF8: =W2503 -> 1.429493 | AG8: =X2503 -> 0 | AH8: =Y2503 -> 1.9330889 | AR8: 10
A9: 0 | B9: 12 | C9: 0 | D9: 0.14636612 | E9: 0.17563629 | F9: 0.1463623 | G9: 0 | N9: 12 | O9: 0 | P9: 0.24770737 | Q9: 0.23313522 | R9: 0.20399475 | S9: 0 | T9: 33.299999 | U9: 51.099998 | V9: 12 | W9: 0.15612157 | Y9: 0.22827911 | AE9: 6000 | AF9: =W3003 -> 1.4977964 | AG9: =X3003 -> 0 | AH9: =Y3003 -> 1.9816602 | AR9: 12
A10: 0 | B10: 14 | C10: 0 | D10: 0.17563629 | E10: 0.20491028 | F10: 0.1609993 | G10: 0 | N10: 14 | O10: 0 | P10: 0.26227951 | Q10: 0.21856689 | R10: 0.20399475 | S10: 0 | T10: 33.299999 | U10: 51 | V10: 14 | W10: 0.18051529 | Y10: 0.22828039 | AE10: 7000 | AF10: =W3503 -> 1.5319481 | AG10: =X3503 -> 0 | AH10: =Y3503 -> 2.0739415 | AR10: 14
A11: 0 | B11: 16 | C11: 0 | D11: 0.20491028 | E11: 0.20491028 | F11: 0.17563629 | G11: 0 | N11: 16 | O11: 0 | P11: 0.30599213 | Q11: 0.39341736 | R11: 0.21856308 | S11: 0 | T11: 33.5 | U11: 51 | V11: 16 | W11: 0.19515228 | Y11: 0.30599085 | AE11: 8000 | AF11: =W4003 -> 1.5807368 | AG11: =X4003 -> 0 | AH11: =Y4003 -> 2.2439384 | AR11: 16
A12: 0 | B12: 18 | C12: 0 | D12: 0.23418427 | E12: 0.20491028 | F12: 0.19027328 | G12: 0 | N12: 18 | O12: 0 | P12: 0.32056427 | Q12: 0.39341736 | R12: 0.23313522 | S12: 0 | T12: 33.5 | U12: 50.900002 | V12: 18 | W12: 0.20978928 | Y12: 0.31570562 | AE12: 9000 | AF12: =W4503 -> 1.5856145 | AG12: =X4503 -> 0 | AH12: =Y4503 -> 2.3459333 | AR12: 18
A13: 0 | B13: 20 | C13: 0 | D13: 0.24882126 | E13: 0.23418427 | F13: 0.19027328 | G13: 0 | N13: 20 | O13: 0 | P13: 0.34970474 | Q13: 0.37884521 | R13: 0.24770737 | S13: 0 | T13: 33.400002 | U13: 50.799999 | V13: 20 | W13: 0.22442627 | Y13: 0.32541911 | AE13: 10000 | AF13: =W5003 -> 1.6539179 | AG13: =X5003 -> 0 | AH13: =Y5003 -> 2.4576467 | AR13: 20
A14: 0 | B14: 22 | C14: 0 | D14: 0.27809143 | E14: 0.24882126 | F14: 0.23418427 | G14: 0 | N14: 22 | O14: 0 | P14: 0.36427689 | Q14: 0.34970474 | R14: 0.32056046 | S14: 0 | T14: 33.599998 | U14: 50.700001 | V14: 22 | W14: 0.25369898 | Y14: 0.34484736 | AE14: 11000 | AF14: =W5503 -> 1.6783129 | AG14: =X5503 -> 0 | AH14: =Y5503 -> 2.3896472 | AR14: 22
A15: 0 | B15: 24 | C15: 0 | D15: 0.23418427 | E15: 0.26345825 | F15: 0.21954727 | G15: 0 | N15: 24 | O15: 0 | P15: 0.36427689 | Q15: 0.36427689 | R15: 0.30599213 | S15: 0 | T15: 33.599998 | U15: 50.700001 | V15: 24 | W15: 0.23906326 | Y15: 0.34484863 | AE15: 12000 | AF15: =W6003 -> 1.6978277 | AG15: =X6003 -> 0 | AH15: =Y6003 -> 2.3993619 | AR15: 24
A16: 0 | B16: 26 | C16: 0 | D16: 0.27809143 | E16: 0.29272842 | F16: 0.23418427 | G16: 0 | N16: 26 | O16: 0 | P16: 0.37884903 | Q16: 0.36427689 | R16: 0.32056046 | S16: 0 | T16: 33.700001 | U16: 50.700001 | V16: 26 | W16: 0.26833471 | Y16: 0.35456212 | AE16: 13000 | AF16: =W6503 -> 1.7075857 | AG16: =X6503 -> 0 | AH16: =Y6503 -> 2.5013593 | AR16: 26
A17: 0 | B17: 28 | C17: 0 | D17: 0.29272842 | E17: 0.30736542 | F17: 0.23418427 | G17: 0 | N17: 28 | O17: 0 | P17: 0.4079895 | Q17: 0.36427689 | R17: 0.32056046 | S17: 0 | T17: 33.799999 | U17: 50.700001 | V17: 28 | W17: 0.2780927 | Y17: 0.36427561 | AE17: 14000 | AF17: =W7003 -> 1.7466164 | AG17: =X7003 -> 0 | AH17: =Y7003 -> 2.6324984 | AR17: 28
A18: 0 | B18: 30 | C18: 0 | D18: 0.30736542 | E18: 0.32200241 | F18: 0.26345444 | G18: 0 | N18: 30 | O18: 0 | P18: 0.43713379 | Q18: 0.36427689 | R18: 0.3351326 | S18: 0 | T18: 33.799999 | U18: 50.900002 | V18: 30 | W18: 0.29760742 | Y18: 0.37884776 | AE18: 15000 | AF18: =W7503 -> 1.7954038 | AG18: =X7503 -> 0 | AH18: =Y7503 -> 2.7393506 | AR18: 30
A19: 0 | B19: 32 | C19: 0 | D19: 0.32200241 | E19: 0.32200241 | F19: 0.27809143 | G19: 0 | N19: 32 | O19: 0 | P19: 0.45170212 | Q19: 0.49541473 | R19: 0.34970474 | S19: 0 | T19: 34 | U19: 50.900002 | V19: 32 | W19: 0.30736542 | Y19: 0.43227386 | AE19: 16000 | AF19: =W8003 -> 1.8100408 | AG19: =X8003 -> 0 | AH19: =Y8003 -> 2.7102102 | AR19: 32
A20: 0 | B20: 34 | C20: 0 | D20: 0.3512764 | E20: 0.3366394 | F20: 0.26345444 | G20: 0 | N20: 34 | O20: 0 | P20: 0.46627426 | Q20: 0.49541473 | R20: 0.36427307 | S20: 0 | T20: 34.099998 | U20: 50.900002 | V20: 34 | W20: 0.31712341 | Y20: 0.44198736 | AE20: 17000 | AF20: =W8503 -> 1.8490702 | AG20: =X8503 -> 0 | AH20: =Y8503 -> 2.7102102 | AR20: 34
A21: 0 | B21: 36 | C21: 0 | D21: 0.36591339 | E21: 0.3512764 | F21: 0.29272842 | G21: 0 | N21: 36 | O21: 0 | P21: 0.48084641 | Q21: 0.46627426 | R21: 0.36427307 | S21: 0 | T21: 34.299999 | U21: 50.900002 | V21: 36 | W21: 0.3366394 | Y21: 0.43713125 | AE21: 18000 | AF21: =W9003 -> 1.8295555 | AG21: =X9003 -> 0 | AH21: =Y9003 -> 2.695638 | AR21: 36
A22: 0 | B22: 38 | C22: 0 | D22: 0.36591339 | E22: 0.36591339 | F22: 0.29272842 | G22: 0 | N22: 38 | O22: 0 | P22: 0.49541473 | Q22: 0.48084259 | R22: 0.42255783 | S22: 0 | T22: 34.400002 | U22: 50.900002 | V22: 38 | W22: 0.3415184 | Y22: 0.46627172 | AE22: 19000 | AF22: =W9503 -> 1.8734652 | AG22: =X9503 -> 0 | AH22: =Y9503 -> 2.9093475 | AR22: 38
A23: 0 | B23: 40 | C23: 0 | D23: 0.3512764 | E23: 0.36591339 | F23: 0.30736542 | G23: 0 | N23: 40 | O23: 0 | P23: 0.48084641 | Q23: 0.46627426 | R23: 0.4079895 | S23: 0 | T23: 34.599998 | U23: 50.799999 | V23: 40 | W23: 0.3415184 | Y23: 0.45170339 | AE23: 20000 | AF23: =W9998 -> 1.8734652 | AG23: =X9998 -> 0 | AH23: =Y9998 -> 2.9773445 | AR23: 40
A24: 0 | B24: 42 | C24: 0 | D24: 0.3512764 | E24: 0.38054657 | F24: 0.30736542 | G24: 0 | N24: 42 | O24: 0 | P24: 0.49541473 | Q24: 0.45170212 | R24: 0.4079895 | S24: 0 | T24: 34.900002 | U24: 50.799999 | V24: 42 | W24: 0.34639613 | Y24: 0.45170212 | AR24: 42
A25: 0 | B25: 44 | C25: 0 | D25: 0.38054657 | E25: 0.38054657 | F25: 0.3366394 | G25: 0 | N25: 44 | O25: 0 | P25: 0.50998688 | Q25: 0.43712997 | R25: 0.42255783 | S25: 0 | T25: 35.099998 | U25: 50.700001 | V25: 44 | W25: 0.36591085 | Y25: 0.45655823 | AR25: 44
A26: 0 | B26: 46 | C26: 0 | D26: 0.39518356 | E26: 0.36591339 | F26: 0.32200241 | G26: 0 | N26: 46 | O26: 0 | P26: 0.53913116 | Q26: 0.61198425 | R26: 0.43712997 | S26: 0 | T26: 35.400002 | U26: 50.799999 | V26: 46 | W26: 0.36103312 | Y26: 0.52941513 | AR26: 46
A27: 0 | B27: 48 | C27: 0 | D27: 0.40982056 | E27: 0.40982056 | F27: 0.32200241 | G27: 0 | N27: 48 | O27: 0 | P27: 0.53913116 | Q27: 0.58283997 | R27: 0.43712997 | S27: 0 | T27: 35.599998 | U27: 50.799999 | V27: 48 | W27: 0.38054784 | Y27: 0.51970037 | AR27: 48
A28: 0 | B28: 50 | C28: 0 | D28: 0.40982056 | E28: 0.40982056 | F28: 0.32200241 | G28: 0 | N28: 50 | O28: 0 | P28: 0.55369949 | Q28: 0.58283997 | R28: 0.43712997 | S28: 0 | T28: 35.700001 | U28: 50.799999 | V28: 50 | W28: 0.38054784 | Y28: 0.52455648 | AR28: 50
A29: 0 | B29: 52 | C29: 0 | D29: 0.42445755 | E29: 0.40982056 | F29: 0.3366394 | G29: 0 | N29: 52 | O29: 0 | P29: 0.56827164 | Q29: 0.55369949 | R29: 0.45170212 | S29: 0 | T29: 35.700001 | U29: 50.799999 | V29: 52 | W29: 0.39030584 | Y29: 0.52455775 | AR29: 52
A30: 0 | B30: 54 | C30: 0 | D30: 0.45373154 | E30: 0.42445755 | F30: 0.3366394 | G30: 0 | N30: 54 | O30: 0 | P30: 0.58284378 | Q30: 0.52455521 | R30: 0.46627045 | S30: 0 | T30: 35.599998 | U30: 50.700001 | V30: 54 | W30: 0.40494283 | Y30: 0.52455648 | AR30: 54
A31: 0 | B31: 56 | C31: 0 | D31: 0.40982056 | E31: 0.43909454 | F31: 0.35127258 | G31: 0 | N31: 56 | O31: 0 | P31: 0.55369949 | Q31: 0.53912735 | R31: 0.48084259 | S31: 0 | T31: 35.599998 | U31: 50.700001 | V31: 56 | W31: 0.40006256 | Y31: 0.52455648 | AR31: 56
A32: 0 | B32: 58 | C32: 0 | D32: 0.43909454 | E32: 0.43909454 | F32: 0.35127258 | G32: 0 | N32: 58 | O32: 0 | P32: 0.58284378 | Q32: 0.50998688 | R32: 0.46627045 | S32: 0 | T32: 35.700001 | U32: 50.700001 | V32: 58 | W32: 0.40982056 | Y32: 0.51970037 | AR32: 58
A33: 0 | B33: 60 | C33: 0 | D33: 0.43909454 | E33: 0.43909454 | F33: 0.35127258 | G33: 0 | N33: 60 | O33: 0 | P33: 0.58284378 | Q33: 0.67026901 | R33: 0.48084259 | S33: 0 | T33: 35.700001 | U33: 50.799999 | V33: 60 | W33: 0.40982056 | Y33: 0.57798513 | AR33: 60
A34: 0 | B34: 62 | C34: 0 | D34: 0.46836853 | E34: 0.45373154 | F34: 0.36590958 | G34: 0 | N34: 62 | O34: 0 | P34: 0.59741211 | Q34: 0.49541473 | R34: 0.48084259 | S34: 0 | T34: 35.799999 | U34: 50.700001 | V34: 62 | W34: 0.42933655 | Y34: 0.52455648 | AR34: 62
A35: 0 | B35: 64 | C35: 0 | D35: 0.46836853 | E35: 0.45373154 | F35: 0.36590958 | G35: 0 | N35: 64 | O35: 0 | P35: 0.61198425 | Q35: 0.64112473 | R35: 0.48084259 | S35: 0 | T35: 35.900002 | U35: 50.599998 | V35: 64 | W35: 0.42933655 | Y35: 0.57798386 | AR35: 64
... A10005: 0 | B10005: 0 | C10005: 0 | D10005: 0 | E10005: 0 | F10005: 0 | G10005: 0 | N10005: 0 | O10005: 0 | P10005: 0 | Q10005: 0 | R10005: 0 | S10005: 0 | T10005: 41 | U10005: 50.400002 | V10005: 0 | W10005: 0 | Y10005: 0 | AR10005: 20004
AR10006: 20006

Sheet DataSheet
B1: MOISTURE DAMAGE TEST DATA SHEET (Hamburg Type Wheels @ 50 Passes Per Minute)
B3: Project No. | E3: Test No. | I3: Temperature
B4: Mix ID No. | E4: Test Date | I4: Wheel Load
B5: Mix Type | E5: Data File | I5: Hose Pressure
B6: Mold Type | E6: Operator | I6: Lab ID
B8: Left Sample ID | E8: Bulk S Gravity | H8: % Air Void
C9: Depth Reading | I9: Rate Of Rutting
B10: STROKE COUNT | C10: 1 | D10: 2 | E10: 3 | F10: 4 | G10: 5 | H10: APA Average | I10: Percent Change | J10: MM/HR
B11: 1000 | C11: =RawData!C502 -> 0 | D11: =RawData!D502 -> 1.0245514 | E11: =RawData!E502 -> 1.0538254 | F11: =RawData!F502 -> 0.90745926 | G11: =RawData!G502 -> 0 | H11: =SUM(C11:G11)/RawData!AA2 -> 0.99527868 | J11: =((H11/B11)*60)*60 -> 3.5830032
B12: 10000 | C12: =RawData!C5002 -> 0 | D12: =RawData!D5002 -> 1.7124634 | E12: =RawData!E5002 -> 1.6978264 | F12: =RawData!F5002 -> 1.5075531 | G12: =RawData!G5002 -> 0 | H12: =SUM(C12:G12)/RawData!AA2 -> 1.639281 | I12: =IF(H12>0,(1-(H11/H12)),0) -> 0.39285656 | J12: =((H12-H11)/(B12-B11)*60)*60 -> 0.25760091
B13: 20000 | C13: =RawData!C10000 -> 0 | D13: =RawData!D10000 -> 1.9905586 | E13: =RawData!E10000 -> 1.9173737 | F13: =RawData!F10000 -> 1.7417374 | G13: =RawData!G10000 -> 0 | H13: =SUM(C13:G13)/RawData!AA2 -> 1.8832232 | I13: =IF(H13>0,(1-(H12/H13)),0) -> 0.12953444 | J13: =((H13-H12)/(B13-B12)*60)*60 -> 0.087819214
B22: Right Sample ID | E22: Bulk S Gravity | H22: % Air Void
C23: Depth Reading | I23: Rate Of Rutting
B24: STROKE COUNT | C24: 1 | D24: 2 | E24: 3 | F24: 4 | G24: 5 | H24: APA Average | I24: Percent Change | J24: MM/HR
B25: 1000 | C25: =RawData!O502 -> 0 | D25: =RawData!P502 -> 1.2239685 | E25: =RawData!Q502 -> 1.3259621 | F25: =RawData!R502 -> 1.1365395 | G25: =RawData!S502 -> 0 | H25: =SUM(C25:G25)/RawData!AC2 -> 1.2288233 | J25: =((H25/B25)*60)*60 -> 4.423764
B26: 10000 | C26: =RawData!O5002 -> 0 | D26: =RawData!P5002 -> 2.3896484 | E26: =RawData!Q5002 -> 2.5644989 | F26: =RawData!R5002 -> 2.3022194 | G26: =RawData!S5002 -> 0 | H26: =SUM(C26:G26)/RawData!AC2 -> 2.4187889 | I26: =IF(H26>0,(1-(H25/H26)),0) -> 0.49196751 | J26: =((H26-H25)/(B26-B25)*60)*60 -> 0.47598623
B27: 20000 | C27: =RawData!O10000 -> 0 | D27: =RawData!P10000 -> 2.8850632 | E27: =RawData!Q10000 -> 3.2493362 | F27: =RawData!R10000 -> 2.8267784 | G27: =RawData!S10000 -> 0 | H27: =SUM(C27:G27)/RawData!AC2 -> 2.9870593 | I27: =IF(H27>0,(1-(H26/H27)),0) -> 0.19024409 | J27: =((H27-H26)/(B27-B26)*60)*60 -> 0.20457733

Sheet Summary
B1: MOISTURE TEST DATA SHEET (HAMBURG TYPE WHEELS @ 50 Passes Per Minute)
C4: Summary Sheet
B7: Left | H7: Right
B8: Stroke | C8: MM | H8: Stroke | I8: MM
B9: 1000 | C9: =VLOOKUP($B9,RawData!$B$3:$G$25003,4,FALSE) -> 1.0830994 | H9: 1000 | I9: =VLOOKUP($H9,RawData!$N$3:$S$25003,4,FALSE) -> 1.3405342
B10: 2000 | C10: =VLOOKUP($B10,RawData!$B$3:$G$25003,4,FALSE) -> 1.2294617 | H10: 2000 | I10: =VLOOKUP($H10,RawData!$N$3:$S$25003,4,FALSE) -> 1.5299568
B11: 3000 | C11: =VLOOKUP($B11,RawData!$B$3:$G$25003,4,FALSE) -> 1.405098 | H11: 3000 | I11: =VLOOKUP($H11,RawData!$N$3:$S$25003,4,FALSE) -> 1.9233742
B12: 4000 | C12: =VLOOKUP($B12,RawData!$B$3:$G$25003,4,FALSE) -> 1.4636459 | H12: 4000 | I12: =VLOOKUP($H12,RawData!$N$3:$S$25003,4,FALSE) -> 2.0253716
B13: 5000 | C13: =VLOOKUP($B13,RawData!$B$3:$G$25003,4,FALSE) -> 1.4929161 | H13: 5000 | I13: =VLOOKUP($H13,RawData!$N$3:$S$25003,4,FALSE) -> 2.0253716
B14: 6000 | C14: =VLOOKUP($B14,RawData!$B$3:$G$25003,4,FALSE) -> 1.5661011 | H14: 6000 | I14: =VLOOKUP($H14,RawData!$N$3:$S$25003,4,FALSE) -> 2.0545158
B15: 7000 | C15: =VLOOKUP($B15,RawData!$B$3:$G$25003,4,FALSE) -> 1.5953712 | H15: 7000 | I15: =VLOOKUP($H15,RawData!$N$3:$S$25003,4,FALSE) -> 2.1565094
B16: 8000 | C16: =VLOOKUP($B16,RawData!$B$3:$G$25003,4,FALSE) -> 1.6539192 | H16: 8000 | I16: =VLOOKUP($H16,RawData!$N$3:$S$25003,4,FALSE) -> 2.3896484
B17: 9000 | C17: =VLOOKUP($B17,RawData!$B$3:$G$25003,4,FALSE) -> 1.6100082 | H17: 9000 | I17: =VLOOKUP($H17,RawData!$N$3:$S$25003,4,FALSE) -> 2.4042168
B18: 10000 | C18: =VLOOKUP($B18,RawData!$B$3:$G$25003,4,FALSE) -> 1.7124634 | H18: 10000 | I18: =VLOOKUP($H18,RawData!$N$3:$S$25003,4,FALSE) -> 2.5936432
B19: 11000 | C19: =VLOOKUP($B19,RawData!$B$3:$G$25003,4,FALSE) -> 1.7563744 | H19: 11000 | I19: =VLOOKUP($H19,RawData!$N$3:$S$25003,4,FALSE) -> 2.5207863
B20: 12000 | C20: =VLOOKUP($B20,RawData!$B$3:$G$25003,4,FALSE) -> 1.7710114 | H20: 12000 | I20: =VLOOKUP($H20,RawData!$N$3:$S$25003,4,FALSE) -> 2.5644989
... B28: 20000 | C28: =VLOOKUP($B28,RawData!$B$3:$G$25003,4,FALSE) -> 1.8441925 | H28: 20000 | I28: =VLOOKUP($H28,RawData!$N$3:$S$25003,4,FALSE) -> 3.1327705
B29: =MAX(RawData!B4:B25003) -> 20002 | C29: =VLOOKUP($B29,RawData!$B$3:$G$25003,4,FALSE) -> 0 | H29: =MAX(RawData!N4:N25003) -> 20002 | I29: =VLOOKUP($H29,RawData!$N$3:$S$25003,4,FALSE) -> 0
